-- phpMyAdmin SQL Dump
-- version 5.2.0
-- https://www.phpmyadmin.net/
--
-- Host: 127.0.0.1
-- Generation Time: Jan 07, 2025 at 05:40 PM
-- Server version: 10.4.27-MariaDB
-- PHP Version: 7.4.33

SET SQL_MODE = "NO_AUTO_VALUE_ON_ZERO";
START TRANSACTION;
SET time_zone = "+00:00";


/*!40101 SET @OLD_CHARACTER_SET_CLIENT=@@CHARACTER_SET_CLIENT */;
/*!40101 SET @OLD_CHARACTER_SET_RESULTS=@@CHARACTER_SET_RESULTS */;
/*!40101 SET @OLD_COLLATION_CONNECTION=@@COLLATION_CONNECTION */;
/*!40101 SET NAMES utf8mb4 */;

--
-- Database: `pharmacy_db`
--

-- --------------------------------------------------------

--
-- Table structure for table `category_list`
--

CREATE TABLE `category_list` (
  `id` int(30) NOT NULL,
  `name` text NOT NULL
) ENGINE=InnoDB DEFAULT CHARSET=utf8mb4 COLLATE=utf8mb4_general_ci;

--
-- Dumping data for table `category_list`
--

INSERT INTO `category_list` (`id`, `name`) VALUES
(1, 'Vitamins'),
(2, 'Antipyretics'),
(3, 'Analgesics'),
(5, 'Antiseptics'),
(7, 'CNS'),
(15, 'Sample Category');

-- --------------------------------------------------------

--
-- Table structure for table `customer_list`
--

CREATE TABLE `customer_list` (
  `id` int(30) NOT NULL,
  `customer_type` varchar(50) NOT NULL,
  `discount` decimal(5,2) NOT NULL
) ENGINE=InnoDB DEFAULT CHARSET=utf8mb4 COLLATE=utf8mb4_general_ci;

--
-- Dumping data for table `customer_list`
--

INSERT INTO `customer_list` (`id`, `customer_type`, `discount`) VALUES
(4, 'PWD', '10.00');

-- --------------------------------------------------------

--
-- Table structure for table `expired_product`
--

CREATE TABLE `expired_product` (
  `id` int(30) NOT NULL,
  `product_id` int(30) NOT NULL,
  `qty` int(30) NOT NULL,
  `date_expired` date NOT NULL,
  `date_created` datetime NOT NULL DEFAULT current_timestamp() ON UPDATE current_timestamp()
) ENGINE=InnoDB DEFAULT CHARSET=utf8mb4 COLLATE=utf8mb4_general_ci;

--
-- Dumping data for table `expired_product`
--

INSERT INTO `expired_product` (`id`, `product_id`, `qty`, `date_expired`, `date_created`) VALUES
(18, 6, 200, '2025-01-06', '2025-01-07 13:54:48');

-- --------------------------------------------------------

--
-- Table structure for table `inventory`
--

CREATE TABLE `inventory` (
  `id` int(30) NOT NULL,
  `product_id` int(30) NOT NULL,
  `qty` int(30) NOT NULL,
  `type` tinyint(1) NOT NULL COMMENT '1= stockin , 2 = stockout',
  `stock_from` varchar(100) NOT NULL COMMENT 'sales/receiving',
  `form_id` int(30) NOT NULL,
  `expiry_date` date NOT NULL,
  `expired_confirmed` tinyint(1) NOT NULL DEFAULT 0,
  `other_details` text NOT NULL,
  `remarks` text NOT NULL,
  `date_updated` datetime NOT NULL DEFAULT current_timestamp() ON UPDATE current_timestamp()
) ENGINE=InnoDB DEFAULT CHARSET=utf8mb4 COLLATE=utf8mb4_general_ci;

--
-- Dumping data for table `inventory`
--

INSERT INTO `inventory` (`id`, `product_id`, `qty`, `type`, `stock_from`, `form_id`, `expiry_date`, `expired_confirmed`, `other_details`, `remarks`, `date_updated`) VALUES
(78, 12, 100, 1, 'receiving', 26, '2028-03-07', 0, '{\"price\":\"10\",\"qty\":\"100\"}', 'Stock from Receiving-00000000\r\n', '2025-01-07 13:53:29'),
(79, 6, 200, 1, 'receiving', 26, '2025-01-06', 1, '{\"price\":\"3\",\"qty\":\"200\"}', 'Stock from Receiving-00000000\r\n', '2025-01-07 13:54:12'),
(81, 4, 233, 1, 'receiving', 26, '0000-00-00', 0, '{\"price\":\"10\",\"qty\":\"233\"}', 'Stock from Receiving-00000000\r\n', '2025-01-07 13:53:29'),
(106, 12, 20, 2, 'Sales', 48, '0000-00-00', 0, '{\"price\":\"20\",\"qty\":\"20\"}', 'Stock out from Sales-00000000\n', '2025-01-07 15:26:38'),
(107, 4, 22, 2, 'Sales', 48, '0000-00-00', 0, '{\"price\":\"10\",\"qty\":\"22\"}', 'Stock out from Sales-00000000\n', '2025-01-07 15:26:38'),
(114, 12, 30, 2, 'Sales', 52, '0000-00-00', 0, '{\"price\":\"20\",\"qty\":\"30\"}', 'Stock out from Sales-71052078\n', '2025-01-07 15:31:53'),
(115, 4, 1, 2, 'Sales', 52, '0000-00-00', 0, '{\"price\":\"10\",\"qty\":\"1\"}', 'Stock out from Sales-71052078\n', '2025-01-07 15:31:53');

-- --------------------------------------------------------

--
-- Table structure for table `product_list`
--

CREATE TABLE `product_list` (
  `id` int(30) NOT NULL,
  `category_id` text NOT NULL,
  `type_id` int(30) NOT NULL,
  `sku` varchar(50) NOT NULL,
  `price` double NOT NULL,
  `name` varchar(150) NOT NULL,
  `measurement` text NOT NULL,
  `description` text NOT NULL,
  `prescription` tinyint(1) NOT NULL DEFAULT 0
) ENGINE=InnoDB DEFAULT CHARSET=utf8mb4 COLLATE=utf8mb4_general_ci;

--
-- Dumping data for table `product_list`
--

INSERT INTO `product_list` (`id`, `category_id`, `type_id`, `sku`, `price`, `name`, `measurement`, `description`, `prescription`) VALUES
(4, '3', 5, '89612125', 10, 'Hydromorphone 2', '2mg', 'Sample', 0),
(5, '3', 5, '90433847', 15, 'Demerol 50', '50mg', 'Sample', 0),
(6, '3', 5, '30410592', 30, 'Demerol 100', '100mg', 'Sample', 1),
(7, '1', 5, '15196587\n', 50, 'Pyridoxine 50', '50mg', 'Sample', 0),
(12, '3,15', 8, '19639470', 20, 'Sample Medicine', '20mg', 'Sample Description', 1);

-- --------------------------------------------------------

--
-- Table structure for table `receiving_list`
--

CREATE TABLE `receiving_list` (
  `id` int(30) NOT NULL,
  `ref_no` varchar(100) NOT NULL,
  `supplier_id` int(30) NOT NULL,
  `total_amount` double NOT NULL,
  `date_added` datetime NOT NULL DEFAULT current_timestamp()
) ENGINE=InnoDB DEFAULT CHARSET=utf8mb4 COLLATE=utf8mb4_general_ci;

--
-- Dumping data for table `receiving_list`
--

INSERT INTO `receiving_list` (`id`, `ref_no`, `supplier_id`, `total_amount`, `date_added`) VALUES
(26, '00000000\n', 5, 3930, '2025-01-07 13:50:40');

-- --------------------------------------------------------

--
-- Table structure for table `sales_list`
--

CREATE TABLE `sales_list` (
  `id` int(30) NOT NULL,
  `user_id` int(11) NOT NULL,
  `ref_no` varchar(30) NOT NULL,
  `customer_id` int(30) NOT NULL,
  `total_amount` double NOT NULL,
  `amount_tendered` double NOT NULL,
  `amount_change` double NOT NULL,
  `date_updated` datetime NOT NULL DEFAULT current_timestamp() ON UPDATE current_timestamp()
) ENGINE=InnoDB DEFAULT CHARSET=utf8mb4 COLLATE=utf8mb4_general_ci;

--
-- Dumping data for table `sales_list`
--

INSERT INTO `sales_list` (`id`, `user_id`, `ref_no`, `customer_id`, `total_amount`, `amount_tendered`, `amount_change`, `date_updated`) VALUES
(48, 1, '00000000\n', 4, 558, 0, 0, '2025-01-07 15:26:38'),
(52, 6, '71052078\n', 0, 610, 1000, 390, '2025-01-07 15:31:53');

-- --------------------------------------------------------

--
-- Table structure for table `supplier_list`
--

CREATE TABLE `supplier_list` (
  `id` int(30) NOT NULL,
  `supplier_name` text NOT NULL,
  `contact` varchar(30) NOT NULL,
  `address` text NOT NULL
) ENGINE=InnoDB DEFAULT CHARSET=utf8mb4 COLLATE=utf8mb4_general_ci;

--
-- Dumping data for table `supplier_list`
--

INSERT INTO `supplier_list` (`id`, `supplier_name`, `contact`, `address`) VALUES
(1, 'Supplier 1', '65524556', 'Sample Address'),
(3, 'Supplier 2', '6546531', 'Supplier2 Address'),
(5, 'Sample Supplier', '00000000', 'Sample Add');

-- --------------------------------------------------------

--
-- Table structure for table `system_settings`
--

CREATE TABLE `system_settings` (
  `id` int(30) NOT NULL,
  `name` text NOT NULL,
  `email` varchar(200) NOT NULL,
  `contact` varchar(20) NOT NULL,
  `cover_img` text NOT NULL,
  `about_content` text NOT NULL
) ENGINE=InnoDB DEFAULT CHARSET=utf8mb4 COLLATE=utf8mb4_general_ci;

--
-- Dumping data for table `system_settings`
--

INSERT INTO `system_settings` (`id`, `name`, `email`, `contact`, `cover_img`, `about_content`) VALUES
(1, 'Online Food Ordering System', 'info@sample.com', '+6948 8542 623', '1600654680_photo-1504674900247-0877df9cc836.jpg', '&lt;p style=&quot;text-align: center; background: transparent; position: relative;&quot;&gt;&lt;span style=&quot;font-size:28px;background: transparent; position: relative;&quot;&gt;ABOUT US&lt;/span&gt;&lt;/b&gt;&lt;/span&gt;&lt;/p&gt;&lt;p style=&quot;text-align: center; background: transparent; position: relative;&quot;&gt;&lt;span style=&quot;background: transparent; position: relative; font-size: 14px;&quot;&gt;&lt;span style=&quot;font-size:28px;background: transparent; position: relative;&quot;&gt;&lt;b style=&quot;margin: 0px; padding: 0px; color: rgb(0, 0, 0); font-family: &amp;quot;Open Sans&amp;quot;, Arial, sans-serif; text-align: justify;&quot;&gt;Lorem Ipsum&lt;/b&gt;&lt;span style=&quot;color: rgb(0, 0, 0); font-family: &amp;quot;Open Sans&amp;quot;, Arial, sans-serif; font-weight: 400; text-align: justify;&quot;&gt;&amp;nbsp;is simply dummy text of the printing and typesetting industry. Lorem Ipsum has been the industry&amp;#x2019;s standard dummy text ever since the 1500s, when an unknown printer took a galley of type and scrambled it to make a type specimen book. It has survived not only five centuries, but also the leap into electronic typesetting, remaining essentially unchanged. It was popularised in the 1960s with the release of Letraset sheets containing Lorem Ipsum passages, and more recently with desktop publishing software like Aldus PageMaker including versions of Lorem Ipsum.&lt;/span&gt;&lt;br&gt;&lt;/span&gt;&lt;/b&gt;&lt;/span&gt;&lt;/p&gt;&lt;p style=&quot;text-align: center; background: transparent; position: relative;&quot;&gt;&lt;span style=&quot;background: transparent; position: relative; font-size: 14px;&quot;&gt;&lt;span style=&quot;font-size:28px;background: transparent; position: relative;&quot;&gt;&lt;span style=&quot;color: rgb(0, 0, 0); font-family: &amp;quot;Open Sans&amp;quot;, Arial, sans-serif; font-weight: 400; text-align: justify;&quot;&gt;&lt;br&gt;&lt;/span&gt;&lt;/b&gt;&lt;/span&gt;&lt;/p&gt;&lt;p style=&quot;text-align: center; background: transparent; position: relative;&quot;&gt;&lt;span style=&quot;background: transparent; position: relative; font-size: 14px;&quot;&gt;&lt;span style=&quot;font-size:28px;background: transparent; position: relative;&quot;&gt;&lt;h2 style=&quot;font-size:28px;background: transparent; position: relative;&quot;&gt;Where does it come from?&lt;/h2&gt;&lt;p style=&quot;text-align: center; margin-bottom: 15px; padding: 0px; color: rgb(0, 0, 0); font-family: &amp;quot;Open Sans&amp;quot;, Arial, sans-serif; font-weight: 400;&quot;&gt;Contrary to popular belief, Lorem Ipsum is not simply random text. It has roots in a piece of classical Latin literature from 45 BC, making it over 2000 years old. Richard McClintock, a Latin professor at Hampden-Sydney College in Virginia, looked up one of the more obscure Latin words, consectetur, from a Lorem Ipsum passage, and going through the cites of the word in classical literature, discovered the undoubtable source. Lorem Ipsum comes from sections 1.10.32 and 1.10.33 of &quot;de Finibus Bonorum et Malorum&quot; (The Extremes of Good and Evil) by Cicero, written in 45 BC. This book is a treatise on the theory of ethics, very popular during the Renaissance. The first line of Lorem Ipsum, &quot;Lorem ipsum dolor sit amet..&quot;, comes from a line in section 1.10.32.&lt;/p&gt;&lt;/span&gt;&lt;/b&gt;&lt;/span&gt;&lt;/p&gt;');

-- --------------------------------------------------------

--
-- Table structure for table `type_list`
--

CREATE TABLE `type_list` (
  `id` int(30) NOT NULL,
  `name` text NOT NULL
) ENGINE=InnoDB DEFAULT CHARSET=utf8mb4 COLLATE=utf8mb4_general_ci;

--
-- Dumping data for table `type_list`
--

INSERT INTO `type_list` (`id`, `name`) VALUES
(1, 'Liquid'),
(2, 'Capsule'),
(3, 'Drops'),
(4, 'Inhalers'),
(5, 'Tablet'),
(8, 'Sample Type');

-- --------------------------------------------------------

--
-- Table structure for table `users`
--

CREATE TABLE `users` (
  `id` int(30) NOT NULL,
  `name` varchar(200) NOT NULL,
  `username` varchar(100) NOT NULL,
  `password` varchar(200) NOT NULL,
  `type` tinyint(1) NOT NULL DEFAULT 2 COMMENT '1=admin , 2 = cashier'
) ENGINE=InnoDB DEFAULT CHARSET=utf8mb4 COLLATE=utf8mb4_general_ci;

--
-- Dumping data for table `users`
--

INSERT INTO `users` (`id`, `name`, `username`, `password`, `type`) VALUES
(1, 'Administrator', 'admin', 'admin123', 1),
(5, 'Naila Haliluddin', 'naila', 'naila123', 2),
(6, 'Athena Casino', 'athena', 'athena123', 2),
(7, 'Ayana Alejo', 'ayana', 'ayana123', 2);

--
-- Indexes for dumped tables
--

--
-- Indexes for table `category_list`
--
ALTER TABLE `category_list`
  ADD PRIMARY KEY (`id`);

--
-- Indexes for table `customer_list`
--
ALTER TABLE `customer_list`
  ADD PRIMARY KEY (`id`);

--
-- Indexes for table `expired_product`
--
ALTER TABLE `expired_product`
  ADD PRIMARY KEY (`id`);

--
-- Indexes for table `inventory`
--
ALTER TABLE `inventory`
  ADD PRIMARY KEY (`id`);

--
-- Indexes for table `product_list`
--
ALTER TABLE `product_list`
  ADD PRIMARY KEY (`id`);

--
-- Indexes for table `receiving_list`
--
ALTER TABLE `receiving_list`
  ADD PRIMARY KEY (`id`);

--
-- Indexes for table `sales_list`
--
ALTER TABLE `sales_list`
  ADD PRIMARY KEY (`id`),
  ADD KEY `user_id` (`user_id`);

--
-- Indexes for table `supplier_list`
--
ALTER TABLE `supplier_list`
  ADD PRIMARY KEY (`id`);

--
-- Indexes for table `system_settings`
--
ALTER TABLE `system_settings`
  ADD PRIMARY KEY (`id`);

--
-- Indexes for table `type_list`
--
ALTER TABLE `type_list`
  ADD PRIMARY KEY (`id`);

--
-- Indexes for table `users`
--
ALTER TABLE `users`
  ADD PRIMARY KEY (`id`);

--
-- AUTO_INCREMENT for dumped tables
--

--
-- AUTO_INCREMENT for table `category_list`
--
ALTER TABLE `category_list`
  MODIFY `id` int(30) NOT NULL AUTO_INCREMENT, AUTO_INCREMENT=16;

--
-- AUTO_INCREMENT for table `customer_list`
--
ALTER TABLE `customer_list`
  MODIFY `id` int(30) NOT NULL AUTO_INCREMENT, AUTO_INCREMENT=7;

--
-- AUTO_INCREMENT for table `expired_product`
--
ALTER TABLE `expired_product`
  MODIFY `id` int(30) NOT NULL AUTO_INCREMENT, AUTO_INCREMENT=21;

--
-- AUTO_INCREMENT for table `inventory`
--
ALTER TABLE `inventory`
  MODIFY `id` int(30) NOT NULL AUTO_INCREMENT, AUTO_INCREMENT=116;

--
-- AUTO_INCREMENT for table `product_list`
--
ALTER TABLE `product_list`
  MODIFY `id` int(30) NOT NULL AUTO_INCREMENT, AUTO_INCREMENT=13;

--
-- AUTO_INCREMENT for table `receiving_list`
--
ALTER TABLE `receiving_list`
  MODIFY `id` int(30) NOT NULL AUTO_INCREMENT, AUTO_INCREMENT=27;

--
-- AUTO_INCREMENT for table `sales_list`
--
ALTER TABLE `sales_list`
  MODIFY `id` int(30) NOT NULL AUTO_INCREMENT, AUTO_INCREMENT=53;

--
-- AUTO_INCREMENT for table `supplier_list`
--
ALTER TABLE `supplier_list`
  MODIFY `id` int(30) NOT NULL AUTO_INCREMENT, AUTO_INCREMENT=6;

--
-- AUTO_INCREMENT for table `system_settings`
--
ALTER TABLE `system_settings`
  MODIFY `id` int(30) NOT NULL AUTO_INCREMENT, AUTO_INCREMENT=2;

--
-- AUTO_INCREMENT for table `type_list`
--
ALTER TABLE `type_list`
  MODIFY `id` int(30) NOT NULL AUTO_INCREMENT, AUTO_INCREMENT=9;

--
-- AUTO_INCREMENT for table `users`
--
ALTER TABLE `users`
  MODIFY `id` int(30) NOT NULL AUTO_INCREMENT, AUTO_INCREMENT=9;

--
-- Constraints for dumped tables
--

--
-- Constraints for table `sales_list`
--
ALTER TABLE `sales_list`
  ADD CONSTRAINT `sales_list_ibfk_1` FOREIGN KEY (`user_id`) REFERENCES `users` (`id`);
COMMIT;

/*!40101 SET CHARACTER_SET_CLIENT=@OLD_CHARACTER_SET_CLIENT */;
/*!40101 SET CHARACTER_SET_RESULTS=@OLD_CHARACTER_SET_RESULTS */;
/*!40101 SET COLLATION_CONNECTION=@OLD_COLLATION_CONNECTION */;
